{
  "model": "mlp",
  "trial": 16,
  "mse": 2.652150670444336e-05,
  "params": {
    "LOOK_BACK": 30,
    "TRAIN_WINDOW": 1000,
    "RETRAIN_FREQUENCY": 100,
    "hidden": 128,
    "epochs": 100,
    "lr": 0.00020366092049952704,
    "wd": 9.82106496512868e-05,
    "depth": 3
  }
}