{
  "model": "mlp",
  "trial": 3,
  "mse": 2.776361891081052e-05,
  "params": {
    "LOOK_BACK": 30,
    "TRAIN_WINDOW": 2000,
    "RETRAIN_FREQUENCY": 50,
    "hidden": 128,
    "epochs": 50,
    "lr": 0.00010409823975107838,
    "wd": 1.1598099626449487e-06,
    "depth": 2
  }
}