{
  "model": "stacked_lstm",
  "trial": 19,
  "mse": 2.639979412355412e-05,
  "params": {
    "LOOK_BACK": 30,
    "TRAIN_WINDOW": 2000,
    "RETRAIN_FREQUENCY": 100,
    "hidden": 64,
    "epochs": 100,
    "lr": 0.00013539753491346724,
    "wd": 9.108600522691847e-05,
    "num_layers": 3,
    "dropout": 0.283621534373336
  }
}