{
  "model": "mlp",
  "trial": 4,
  "mse": 3.2351011862947815e-05,
  "params": {
    "LOOK_BACK": 60,
    "TRAIN_WINDOW": 2000,
    "RETRAIN_FREQUENCY": 100,
    "hidden": 128,
    "epochs": 50,
    "lr": 4.55830393093439e-05,
    "wd": 1.2290343253080908e-06,
    "depth": 1
  }
}