{
  "model": "stacked_lstm",
  "trial": 2,
  "mse": 2.770752927553128e-05,
  "params": {
    "LOOK_BACK": 60,
    "TRAIN_WINDOW": 2000,
    "RETRAIN_FREQUENCY": 100,
    "hidden": 32,
    "epochs": 100,
    "lr": 0.00011766941796574688,
    "wd": 5.565786937483685e-06,
    "num_layers": 1,
    "dropout": 0.08401063106914425
  }
}