{
  "model": "mlp",
  "trial": 11,
  "mse": 2.6802863348399826e-05,
  "params": {
    "LOOK_BACK": 30,
    "TRAIN_WINDOW": 1000,
    "RETRAIN_FREQUENCY": 100,
    "hidden": 128,
    "epochs": 100,
    "lr": 0.00029686927725874836,
    "wd": 2.663558854528293e-05,
    "depth": 3
  }
}