{
  "model": "stacked_lstm",
  "trial": 4,
  "mse": 4.796653625060259e-05,
  "params": {
    "LOOK_BACK": 60,
    "TRAIN_WINDOW": 1000,
    "RETRAIN_FREQUENCY": 100,
    "hidden": 32,
    "epochs": 100,
    "lr": 2.623355015720439e-05,
    "wd": 3.3175998691021256e-07,
    "num_layers": 3,
    "dropout": 0.38280504014111927
  }
}