{
  "model": "lstm",
  "trial": 18,
  "mse": 2.6521091396521626e-05,
  "params": {
    "LOOK_BACK": 30,
    "TRAIN_WINDOW": 2000,
    "RETRAIN_FREQUENCY": 100,
    "hidden": 64,
    "epochs": 100,
    "lr": 0.00014741699891521732,
    "wd": 1.7222368798434045e-06,
    "num_layers": 2,
    "dropout": 0.34209845164693126
  }
}