{
  "model": "mlp",
  "trial": 10,
  "mse": 2.697546375660885e-05,
  "params": {
    "LOOK_BACK": 30,
    "TRAIN_WINDOW": 1000,
    "RETRAIN_FREQUENCY": 100,
    "hidden": 128,
    "epochs": 100,
    "lr": 0.0002893156915328956,
    "wd": 2.0689514248680668e-05,
    "depth": 3
  }
}